dataset,task,model,model_family,trained_this_run,exploratory,light_cv_enabled,n_dev,n_test,n_folds,rmse_cv_mean,rmse_cv_std,mae_cv_mean,mae_cv_std,oos_r2_cv_mean,oos_r2_cv_std,directional_accuracy_cv_mean,directional_accuracy_cv_std,model_path,test_rmse,test_mae,test_oos_r2,test_directional_accuracy
dataset_return.csv,regression,tft_small,tft,True,False,True,3175,794,5,0.01666717091333777,0.0038318958027267576,0.013506298474161526,0.003366765498633145,-0.16362406658760942,0.09849764353123389,0.43076923076923085,0.042132504423474326,models_saved_tft/dataset_return__tft_small.pt,0.01320409530596526,0.010273728350506373,-0.7349800165503209,0.5604534005037783
dataset_return.csv,regression,tft_medium,tft,True,False,True,3175,794,5,0.01632039597681472,0.0036629783812107785,0.013448817790665018,0.003372782933597583,-0.12037277771396837,0.14350091857564776,0.5076923076923077,0.12871692715908856,models_saved_tft/dataset_return__tft_medium.pt,0.010462047314926278,0.007614394982588249,-0.08920728111013232,0.43828715365239296
dataset_return.csv,regression,tft_large,tft,True,False,True,3175,794,5,0.018333570442482607,0.005478627904470858,0.014471145507503447,0.004175087261434673,-0.4395739912046114,0.591856131244322,0.5076923076923078,0.13973770865065346,models_saved_tft/dataset_return__tft_large.pt,0.010583360756999172,0.0075457820327036705,-0.11461369990835668,0.48866498740554154
dataset_volatility.csv,regression,tft_small,tft,True,False,True,3175,794,5,0.007182924504444435,0.002726964756807719,0.0056252161685663915,0.0025545529205314313,-1.2385766367581144,0.9830499752873625,1.0,0.0,models_saved_tft/dataset_volatility__tft_small.pt,0.005822972131589651,0.0036234189006992584,0.023001496148025047,1.0
dataset_volatility.csv,regression,tft_medium,tft,True,False,True,3175,794,5,0.006719651201697398,0.002099366934329742,0.0057741759918057,0.0020371805336195747,-0.9792071770788299,0.676795538257626,1.0,0.0,models_saved_tft/dataset_volatility__tft_medium.pt,0.006441679287380307,0.004206161423582204,-0.19564615880295078,0.9987405541561712
dataset_volatility.csv,regression,tft_large,tft,True,False,True,3175,794,5,0.005296026740342097,0.00038482195002947873,0.004239793279423164,0.00034876007636039814,-0.35464791715717614,0.5993919103409125,1.0,0.0,models_saved_tft/dataset_volatility__tft_large.pt,0.0048311903749160895,0.0029084314672822974,0.3274682714981203,1.0
